,File Path,y
0,MP18-17\Slabs\1.png,0
0,MP18-17\Slabs\2.png,0
0,MP18-17\Slabs\3.png,0
0,MP18-17\Slabs\4.png,0
0,MP18-17\Slabs\5.png,0
0,MP18-17\Slabs\6.png,0
0,MP18-17\Slabs\7.png,0
0,MP18-17\Slabs\8.png,0
0,MP18-17\Slabs\9.png,0
0,MP18-17\Slabs\10.png,0
0,MP18-17\Slabs\11.png,0
0,MP18-17\Slabs\12.png,0
0,MP18-17\Slabs\13.png,0
0,MP18-17\Slabs\14.png,0
0,MP18-17\Slabs\15.png,0
0,MP18-17\Slabs\17.png,1
0,MP18-17\Slabs\18.png,0
0,MP18-17\Slabs\19.png,0
0,MP18-17\Slabs\20.png,0
0,MP18-17\Slabs\21.png,0
0,MP18-17\Slabs\22.png,0
0,MP18-17\Slabs\23.png,0
0,MP18-17\Slabs\24.png,0
0,MP18-17\Slabs\26.png,0
0,MP18-17\Slabs\28.png,0
0,MP18-17\Slabs\29.png,0
0,MP18-17\Slabs\30.png,0
0,MP18-17\Slabs\32.png,0
0,MP18-17\Slabs\33.png,0
0,MP18-17\Slabs\34.png,0
0,MP18-17\Slabs\35.png,0
0,MP18-17\Slabs\36.png,0
0,MP18-17\Slabs\37.png,0
0,MP18-17\Slabs\38.png,0
0,MP18-17\Slabs\39.png,0
0,MP18-17\Slabs\40.png,0
0,MP18-17\Slabs\41.png,0
0,MP18-17\Slabs\42.png,0
0,MP18-17\Slabs\43.png,0
0,MP18-17\Slabs\44.png,0
0,MP18-17\Slabs\45.png,0
0,MP18-17\Slabs\48.png,0
0,MP18-17\Slabs\49.png,0
0,MP18-17\Slabs\50.png,0
0,MP18-17\Slabs\53.png,0
0,MP18-17\Slabs\54.png,0
0,MP18-17\Slabs\55.png,0
0,MP18-17\Slabs\56.png,0
0,MP18-17\Slabs\57.png,0
0,MP18-17\Slabs\58.png,0
0,MP18-17\Slabs\59.png,0
0,MP18-17\Slabs\60.png,0
0,MP18-17\Slabs\61.png,0
0,MP18-17\Slabs\62.png,0
0,MP18-17\Slabs\63.png,0
0,MP18-17\Slabs\64.png,0
0,MP18-17\Slabs\65.png,0
0,MP18-17\Slabs\66.png,1
0,MP18-17\Slabs\67.png,1
0,MP18-17\Slabs\68.png,0
0,MP18-17\Slabs\69.png,0
0,MP18-17\Slabs\70.png,0
0,MP18-17\Slabs\71.png,0
0,MP18-17\Slabs\72.png,0
0,MP18-17\Slabs\73.png,1
0,MP18-17\Slabs\74.png,1
0,MP18-17\Slabs\75.png,0
0,MP18-17\Slabs\76.png,0
0,MP18-17\Slabs\78.png,0
0,MP18-17\Slabs\79.png,0
0,MP18-17\Slabs\80.png,0
0,MP18-17\Slabs\81.png,0
0,MP18-17\Slabs\82.png,0
0,MP18-17\Slabs\83.png,0
0,MP18-17\Slabs\84.png,0
0,MP18-17\Slabs\85.png,0
0,MP18-17\Slabs\86.png,0
0,MP18-17\Slabs\87.png,0
0,MP18-17\Slabs\88.png,1
0,MP18-17\Slabs\89.png,0
0,MP18-17\Slabs\90.png,0
0,MP18-17\Slabs\91.png,0
0,MP18-17\Slabs\92.png,0
0,MP18-17\Slabs\93.png,0
0,MP18-17\Slabs\94.png,0
0,MP18-17\Slabs\96.png,1
0,MP18-17\Slabs\97.png,0
0,MP18-17\Slabs\98.png,0
0,MP18-17\Slabs\99.png,0
0,MP18-17\Slabs\100.png,0
0,MP18-17\Slabs\101.png,0
0,MP18-17\Slabs\102.png,0
0,MP18-17\Slabs\103.png,0
0,MP18-17\Slabs\104.png,0
0,MP18-17\Slabs\105.png,0
0,MP18-17\Slabs\106.png,0
0,MP18-17\Slabs\107.png,0
0,MP18-17\Slabs\108.png,0
0,MP18-17\Slabs\109.png,0
0,MP18-17\Slabs\110.png,0
0,MP18-17\Slabs\111.png,0
0,MP18-17\Slabs\112.png,0
0,MP18-17\Slabs\113.png,1
0,MP18-17\Slabs\114.png,0
0,MP18-17\Slabs\115.png,0
0,MP18-17\Slabs\116.png,1
0,MP18-17\Slabs\117.png,0
0,MP18-17\Slabs\118.png,0
0,MP18-17\Slabs\119.png,0
0,MP18-17\Slabs\120.png,0
0,MP18-17\Slabs\121.png,0
0,MP18-17\Slabs\122.png,0
0,MP18-17\Slabs\123.png,0
0,MP18-17\Slabs\124.png,0
0,MP18-17\Slabs\125.png,0
0,MP18-17\Slabs\126.png,0
0,MP18-17\Slabs\127.png,0
0,MP18-17\Slabs\128.png,0
0,MP18-17\Slabs\129.png,0
0,MP18-17\Slabs\130.png,0
0,MP18-17\Slabs\131.png,0
0,MP18-17\Slabs\132.png,0
0,MP18-17\Slabs\133.png,0
0,MP18-17\Slabs\134.png,0
0,MP18-17\Slabs\135.png,1
0,MP18-17\Slabs\136.png,0
0,MP18-17\Slabs\137.png,0
0,MP18-17\Slabs\138.png,0
0,MP18-17\Slabs\139.png,0
0,MP18-17\Slabs\140.png,0
0,MP18-17\Slabs\141.png,0
0,MP18-17\Slabs\142.png,0
0,MP18-17\Slabs\143.png,0
0,MP18-17\Slabs\144.png,0
0,MP18-17\Slabs\145.png,1
0,MP18-17\Slabs\146.png,0
0,MP18-17\Slabs\147.png,0
0,MP18-17\Slabs\148.png,0
0,MP18-17\Slabs\149.png,0
0,MP18-17\Slabs\150.png,1
0,MP18-17\Slabs\151.png,1
0,MP18-17\Slabs\152.png,1
0,MP18-17\Slabs\153.png,0
0,MP18-17\Slabs\154.png,0
0,MP18-17\Slabs\155.png,0
0,MP18-17\Slabs\156.png,0
0,MP18-17\Slabs\157.png,0
0,MP18-17\Slabs\158.png,0
0,MP18-17\Slabs\159.png,0
0,MP18-17\Slabs\160.png,0
0,MP18-17\Slabs\161.png,0
0,MP18-17\Slabs\162.png,1
0,MP18-17\Slabs\163.png,0
0,MP18-17\Slabs\164.png,0
0,MP18-17\Slabs\165.png,0
0,MP18-17\Slabs\166.png,0
0,MP18-17\Slabs\167.png,0
0,MP18-17\Slabs\168.png,0
0,MP18-17\Slabs\169.png,0
0,MP18-17\Slabs\170.png,0
0,MP18-17\Slabs\173.png,0
0,MP18-17\Slabs\174.png,0
0,MP18-17\Slabs\176.png,0
0,MP18-17\Slabs\177.png,0
0,MP18-17\Slabs\178.png,0
0,MP18-17\Slabs\179.png,0
0,MP18-17\Slabs\180.png,0
0,MP18-17\Slabs\181.png,0
0,MP18-17\Slabs\183.png,0
0,MP18-17\Slabs\184.png,0
0,MP18-17\Slabs\185.png,0
0,MP18-17\Slabs\186.png,0
0,MP18-17\Slabs\188.png,1
0,MP18-17\Slabs\189.png,1
0,MP22\Slabs\1.png,1
0,MP22\Slabs\2.png,0
0,MP22\Slabs\3.png,0
0,MP22\Slabs\4.png,0
0,MP22\Slabs\5.png,0
0,MP22\Slabs\6.png,0
0,MP22\Slabs\7.png,0
0,MP22\Slabs\8.png,0
0,MP22\Slabs\9.png,0
0,MP22\Slabs\10.png,0
0,MP22\Slabs\11.png,0
0,MP22\Slabs\12.png,0
0,MP22\Slabs\13.png,0
0,MP22\Slabs\14.png,0
0,MP22\Slabs\15.png,0
0,MP22\Slabs\16.png,0
0,MP22\Slabs\17.png,0
0,MP22\Slabs\18.png,0
0,MP22\Slabs\19.png,0
0,MP22\Slabs\20.png,0
0,MP22\Slabs\21.png,0
0,MP22\Slabs\22.png,0
0,MP22\Slabs\23.png,0
0,MP22\Slabs\24.png,0
0,MP22\Slabs\25.png,1
0,MP22\Slabs\26.png,0
0,MP22\Slabs\27.png,0
0,MP22\Slabs\28.png,0
0,MP22\Slabs\29.png,1
0,MP22\Slabs\30.png,0
0,MP22\Slabs\31.png,0
0,MP22\Slabs\32.png,0
0,MP22\Slabs\33.png,0
0,MP22\Slabs\34.png,1
0,MP22\Slabs\35.png,0
0,MP22\Slabs\36.png,1
0,MP22\Slabs\37.png,0
0,MP22\Slabs\38.png,0
0,MP22\Slabs\39.png,0
0,MP22\Slabs\40.png,0
0,MP22\Slabs\41.png,1
0,MP22\Slabs\42.png,0
0,MP22\Slabs\43.png,1
0,MP22\Slabs\44.png,0
0,MP22\Slabs\45.png,0
0,MP22\Slabs\46.png,0
0,MP22\Slabs\47.png,0
0,MP22\Slabs\48.png,0
0,MP22\Slabs\49.png,0
0,MP22\Slabs\50.png,0
0,MP22\Slabs\51.png,1
0,MP22\Slabs\52.png,0
0,MP22\Slabs\53.png,0
0,MP22\Slabs\54.png,1
0,MP22\Slabs\55.png,0
0,MP22\Slabs\56.png,0
0,MP22\Slabs\57.png,1
0,MP22\Slabs\58.png,0
0,MP22\Slabs\59.png,0
0,MP22\Slabs\60.png,0
0,MP22\Slabs\61.png,0
0,MP22\Slabs\62.png,0
0,MP22\Slabs\63.png,0
0,MP22\Slabs\64.png,0
0,MP22\Slabs\65.png,0
0,MP22\Slabs\66.png,0
0,MP22\Slabs\67.png,0
0,MP22\Slabs\68.png,0
0,MP22\Slabs\69.png,0
0,MP22\Slabs\70.png,0
0,MP22\Slabs\71.png,0
0,MP22\Slabs\72.png,0
0,MP22\Slabs\73.png,1
0,MP22\Slabs\74.png,0
0,MP22\Slabs\75.png,0
0,MP22\Slabs\76.png,0
0,MP22\Slabs\77.png,0
0,MP22\Slabs\78.png,1
0,MP22\Slabs\79.png,1
0,MP22\Slabs\80.png,0
0,MP22\Slabs\81.png,0
0,MP22\Slabs\82.png,0
0,MP22\Slabs\83.png,0
0,MP22\Slabs\84.png,0
0,MP22\Slabs\85.png,0
0,MP22\Slabs\87.png,1
0,MP22\Slabs\88.png,1
0,MP22\Slabs\89.png,1
0,MP22\Slabs\90.png,0
0,MP22\Slabs\91.png,0
0,MP22\Slabs\92.png,0
0,MP22\Slabs\93.png,0
0,MP22\Slabs\94.png,0
0,MP22\Slabs\95.png,0
0,MP22\Slabs\96.png,0
0,MP22\Slabs\97.png,0
0,MP22\Slabs\98.png,0
0,MP22\Slabs\99.png,0
0,MP22\Slabs\100.png,0
0,MP22\Slabs\101.png,0
0,MP22\Slabs\102.png,0
0,MP22\Slabs\103.png,0
0,MP22\Slabs\104.png,0
0,MP22\Slabs\105.png,0
0,MP22\Slabs\106.png,0
0,MP22\Slabs\107.png,0
0,MP22\Slabs\108.png,0
0,MP22\Slabs\109.png,0
0,MP22\Slabs\110.png,0
0,MP22\Slabs\111.png,0
0,MP22\Slabs\112.png,0
0,MP22\Slabs\113.png,0
0,MP22\Slabs\114.png,0
0,MP22\Slabs\115.png,0
0,MP22\Slabs\116.png,0
0,MP22\Slabs\117.png,0
0,MP22\Slabs\118.png,0
0,MP22\Slabs\119.png,0
0,MP22\Slabs\120.png,0
0,MP22\Slabs\121.png,0
0,MP22\Slabs\122.png,0
0,MP22\Slabs\123.png,0
0,MP22\Slabs\124.png,0
0,MP22\Slabs\125.png,0
0,MP22\Slabs\126.png,0
0,MP22\Slabs\127.png,0
0,MP22\Slabs\128.png,0
0,MP22\Slabs\129.png,0
0,MP22\Slabs\130.png,0
0,MP22\Slabs\131.png,0
0,MP22\Slabs\132.png,0
0,MP22\Slabs\133.png,0
0,MP22\Slabs\134.png,0
0,MP22\Slabs\135.png,0
0,MP22\Slabs\136.png,0
0,MP22\Slabs\137.png,0
0,MP22\Slabs\138.png,1
0,MP22\Slabs\139.png,0
0,MP22\Slabs\140.png,0
0,MP22\Slabs\141.png,0
0,MP22\Slabs\142.png,0
0,MP22\Slabs\143.png,0
0,MP22\Slabs\144.png,0
0,MP22\Slabs\145.png,0
0,MP22\Slabs\146.png,0
0,MP22\Slabs\147.png,0
0,MP22\Slabs\148.png,0
0,MP22\Slabs\149.png,0
0,MP22\Slabs\150.png,0
0,MP22\Slabs\151.png,0
0,MP22\Slabs\152.png,0
0,MP22\Slabs\153.png,0
0,MP22\Slabs\154.png,0
0,MP22\Slabs\155.png,0
0,MP22\Slabs\156.png,1
0,MP22\Slabs\157.png,1
0,MP22\Slabs\158.png,0
0,MP22\Slabs\159.png,0
0,MP22\Slabs\160.png,0
0,MP22\Slabs\161.png,0
0,MP22\Slabs\162.png,0
0,MP22\Slabs\163.png,0
0,MP22\Slabs\164.png,0
0,MP22\Slabs\165.png,0
0,MP22\Slabs\166.png,0
0,MP22\Slabs\167.png,0
0,MP22\Slabs\168.png,0
0,MP22\Slabs\169.png,0
0,MP22\Slabs\170.png,0
0,MP22\Slabs\171.png,0
0,MP22\Slabs\172.png,0
0,MP22\Slabs\173.png,1
0,MP22\Slabs\174.png,0
0,MP22\Slabs\175.png,0
0,MP22\Slabs\176.png,1
0,MP22\Slabs\177.png,0
0,MP22\Slabs\178.png,0
0,MP22\Slabs\179.png,1
0,MP22\Slabs\180.png,1
0,MP22\Slabs\181.png,1
0,MP22\Slabs\182.png,1
0,MP22\Slabs\183.png,0
0,MP22\Slabs\184.png,0
0,MP22\Slabs\185.png,0
0,MP22\Slabs\186.png,0
0,MP22\Slabs\187.png,0
0,MP22\Slabs\188.png,0
0,MP22\Slabs\189.png,0
0,MP22\Slabs\190.png,0
0,MP22\Slabs\191.png,0
0,MP22\Slabs\192.png,0
0,MP22\Slabs\193.png,0
0,MP22\Slabs\194.png,0
0,MP22\Slabs\195.png,0
0,MP22\Slabs\196.png,0
0,MP22\Slabs\197.png,0
0,MP22\Slabs\198.png,0
0,MP22\Slabs\199.png,0
0,MP22\Slabs\200.png,0
0,MP22\Slabs\201.png,0
0,MP22\Slabs\202.png,0
0,MP22\Slabs\203.png,0
0,MP22\Slabs\204.png,0
0,MP22\Slabs\205.png,0
0,MP22\Slabs\206.png,0
0,MP22\Slabs\207.png,0
0,MP22\Slabs\208.png,0
0,MP22\Slabs\209.png,0
0,MP22\Slabs\210.png,0
0,MP22\Slabs\211.png,0
0,MP22\Slabs\212.png,0
0,MP22\Slabs\213.png,0
0,MP22\Slabs\214.png,0
0,MP22\Slabs\215.png,0
0,MP22\Slabs\216.png,0
0,MP22\Slabs\217.png,0
0,MP22\Slabs\218.png,0
0,MP22\Slabs\219.png,0
0,MP22\Slabs\220.png,0
0,MP22\Slabs\221.png,0
0,MP22\Slabs\222.png,0
0,MP22\Slabs\223.png,0
0,MP22\Slabs\224.png,0
0,MP22\Slabs\225.png,0
0,MP22\Slabs\226.png,0
0,MP22\Slabs\227.png,0
0,MP22\Slabs\228.png,0
0,MP22\Slabs\229.png,0
0,MP22\Slabs\230.png,0
0,MP22\Slabs\231.png,0
0,MP22\Slabs\232.png,0
0,MP22\Slabs\233.png,0
0,MP22\Slabs\234.png,0
0,MP22\Slabs\235.png,0
0,MP22\Slabs\236.png,0
0,MP22\Slabs\237.png,0
0,MP22\Slabs\238.png,0
0,MP22\Slabs\239.png,0
0,MP22\Slabs\240.png,0
0,MP22\Slabs\241.png,0
0,MP22\Slabs\242.png,0
0,MP22\Slabs\243.png,0
0,MP22\Slabs\244.png,0
0,MP22\Slabs\245.png,0
0,MP22\Slabs\246.png,0
0,MP22\Slabs\247.png,0
0,MP22\Slabs\248.png,0
0,MP22\Slabs\249.png,0
0,MP22\Slabs\250.png,0
0,MP22\Slabs\251.png,0
0,MP22\Slabs\252.png,0
0,MP22\Slabs\253.png,0
0,MP22\Slabs\254.png,0
0,MP22\Slabs\255.png,0
0,MP22\Slabs\256.png,0
0,MP22\Slabs\257.png,0
0,MP22\Slabs\258.png,0
0,MP22\Slabs\259.png,0
0,MP22\Slabs\260.png,0
0,MP22\Slabs\261.png,0
0,MP22\Slabs\262.png,0
0,MP22\Slabs\263.png,0
0,MP22\Slabs\264.png,0
0,MP22\Slabs\265.png,0
0,MP22\Slabs\266.png,0
0,MP22\Slabs\267.png,0
0,MP22\Slabs\268.png,0
0,MP22\Slabs\269.png,0
0,MP22\Slabs\270.png,0
0,MP22\Slabs\271.png,0
0,MP22\Slabs\272.png,0
0,MP22\Slabs\273.png,0
0,MP22\Slabs\274.png,0
0,MP22\Slabs\275.png,0
0,MP22\Slabs\276.png,0
0,MP22\Slabs\277.png,0
0,MP22\Slabs\278.png,0
0,MP22\Slabs\279.png,0
0,MP22\Slabs\280.png,0
0,MP22\Slabs\281.png,0
0,MP22\Slabs\282.png,0
0,MP22\Slabs\283.png,0
0,MP22\Slabs\284.png,0
0,MP22\Slabs\285.png,0
0,MP22\Slabs\286.png,0
0,MP22\Slabs\287.png,0
0,MP22\Slabs\288.png,0
0,MP22\Slabs\289.png,0
0,MP22\Slabs\290.png,0
0,MP22\Slabs\291.png,0
0,MP22\Slabs\292.png,0
0,MP22\Slabs\293.png,0
0,MP22\Slabs\294.png,0
0,MP22\Slabs\295.png,0
0,MP22\Slabs\296.png,0
0,MP22\Slabs\297.png,0
0,MP22\Slabs\298.png,0
0,MP22\Slabs\299.png,0
0,MP22\Slabs\300.png,0
0,MP22\Slabs\301.png,0
0,MP22\Slabs\302.png,0
0,MP22\Slabs\303.png,0
0,MP22\Slabs\304.png,0
0,MP22\Slabs\305.png,0
0,MP22\Slabs\306.png,0
0,MP22\Slabs\307.png,0
0,MP22\Slabs\308.png,0
0,MP22\Slabs\309.png,0
0,MP22\Slabs\310.png,0
0,MP22\Slabs\311.png,0
0,MP22\Slabs\312.png,0
0,MP22\Slabs\313.png,0
0,MP22\Slabs\314.png,0
0,MP22\Slabs\315.png,0
0,MP22\Slabs\316.png,0
0,MP22\Slabs\317.png,0
0,MP22\Slabs\318.png,0
0,MP22\Slabs\319.png,0
0,MP22\Slabs\320.png,0
0,MP22\Slabs\321.png,0
0,MP22\Slabs\322.png,0
0,MP22\Slabs\323.png,0
0,MP22\Slabs\324.png,0
0,MP22\Slabs\325.png,0
0,MP22\Slabs\326.png,0
0,MP22\Slabs\327.png,0
0,MP22\Slabs\328.png,0
0,MP22\Slabs\329.png,0
0,MP22\Slabs\330.png,0
0,MP22\Slabs\331.png,0
0,MP22\Slabs\332.png,0
0,MP22\Slabs\333.png,0
0,MP22\Slabs\334.png,0
0,MP22\Slabs\335.png,0
0,MP22\Slabs\336.png,0
0,MP22\Slabs\337.png,0
0,MP22\Slabs\338.png,0
0,MP22\Slabs\339.png,0
0,MP22\Slabs\340.png,0
0,MP22\Slabs\341.png,0
0,MP22\Slabs\342.png,0
0,MP22\Slabs\343.png,0
0,MP22\Slabs\344.png,0
0,MP22\Slabs\345.png,0
0,MP22\Slabs\346.png,0
0,MP22\Slabs\347.png,0
0,MP22\Slabs\348.png,0
0,MP22\Slabs\349.png,0
0,MP22\Slabs\350.png,0
0,MP22\Slabs\351.png,0
0,MP22\Slabs\352.png,0
0,MP22\Slabs\353.png,0
0,MP22\Slabs\354.png,0
0,MP22\Slabs\355.png,0
0,MP22\Slabs\356.png,0
0,MP22\Slabs\357.png,0
0,MP22\Slabs\358.png,0
0,MP22\Slabs\359.png,0
0,MP22\Slabs\360.png,0
0,MP22\Slabs\361.png,0
0,MP22\Slabs\362.png,0
0,MP22\Slabs\363.png,0
0,MP22\Slabs\364.png,0
0,MP22\Slabs\365.png,0
0,MP22\Slabs\366.png,0
0,MP22\Slabs\367.png,0
0,MP22\Slabs\368.png,0
0,MP22\Slabs\369.png,0
0,MP22\Slabs\370.png,0
0,MP22\Slabs\371.png,0
0,MP22\Slabs\372.png,0
0,MP22\Slabs\373.png,0
0,MP22\Slabs\374.png,0
0,MP22\Slabs\375.png,0
0,MP22\Slabs\376.png,0
0,MP22\Slabs\377.png,0
0,MP22\Slabs\378.png,0
0,MP22\Slabs\379.png,0
0,MP22\Slabs\380.png,0
0,MP22\Slabs\381.png,0
0,MP22\Slabs\382.png,0
0,MP22\Slabs\383.png,0
0,MP22\Slabs\384.png,0
0,MP22\Slabs\385.png,0
0,MP22\Slabs\386.png,0
0,MP22\Slabs\387.png,0
0,MP22\Slabs\388.png,0
0,MP22\Slabs\389.png,0
0,MP22\Slabs\390.png,0
0,MP22\Slabs\391.png,0
0,MP22\Slabs\392.png,0
0,MP22\Slabs\393.png,0
0,MP22\Slabs\394.png,0
0,MP22\Slabs\395.png,0
0,MP22\Slabs\396.png,0
0,MP22\Slabs\397.png,0
0,MP22\Slabs\398.png,0
0,MP22\Slabs\399.png,0
0,MP22\Slabs\400.png,0
0,MP22\Slabs\401.png,0
0,MP22\Slabs\402.png,0
0,MP22\Slabs\403.png,0
0,MP22\Slabs\404.png,0
0,MP22\Slabs\405.png,0
0,MP22\Slabs\406.png,0
0,MP22\Slabs\407.png,0
0,MP22\Slabs\408.png,0
0,MP22\Slabs\409.png,0
0,MP22\Slabs\410.png,0
0,MP22\Slabs\411.png,0
0,MP22\Slabs\412.png,0
0,MP22\Slabs\413.png,0
0,MP22\Slabs\414.png,0
0,MP22\Slabs\415.png,0
0,MP22\Slabs\416.png,0
0,MP22\Slabs\417.png,0
0,MP22\Slabs\418.png,0
0,MP22\Slabs\419.png,0
0,MP22\Slabs\420.png,0
0,MP22\Slabs\421.png,0
0,MP22\Slabs\422.png,0
0,MP22\Slabs\423.png,0
0,MP22\Slabs\424.png,0
0,MP22\Slabs\425.png,0
0,MP22\Slabs\426.png,0
0,MP22\Slabs\427.png,0
0,MP22\Slabs\428.png,0
0,MP22\Slabs\429.png,1
0,MP22\Slabs\430.png,0
0,MP22\Slabs\431.png,0
0,MP22\Slabs\432.png,0
0,MP22\Slabs\433.png,0
0,MP22\Slabs\434.png,0
0,MP22\Slabs\435.png,0
0,MP22\Slabs\436.png,0
0,MP22\Slabs\437.png,0
0,MP22\Slabs\438.png,0
0,MP22\Slabs\439.png,0
0,MP22\Slabs\440.png,0
0,MP22\Slabs\441.png,0
0,MP22\Slabs\442.png,0
0,MP22\Slabs\443.png,0
0,MP22\Slabs\444.png,0
0,MP22\Slabs\445.png,1
0,MP22\Slabs\446.png,0
0,MP22\Slabs\447.png,0
0,MP22\Slabs\448.png,0
0,MP22\Slabs\449.png,0
0,MP22\Slabs\450.png,1
0,MP22\Slabs\451.png,0
0,MP22\Slabs\452.png,0
0,MP22\Slabs\453.png,0
0,MP22\Slabs\454.png,1
0,MP22\Slabs\455.png,0
0,MP22\Slabs\456.png,0
0,MP22\Slabs\457.png,0
0,MP22\Slabs\458.png,0
0,MP22\Slabs\459.png,1
0,MP22\Slabs\460.png,1
0,MP22\Slabs\461.png,0
0,MP22\Slabs\462.png,0
0,MP22\Slabs\463.png,0
0,MP22\Slabs\464.png,1
0,MP22\Slabs\465.png,0
0,MP22\Slabs\466.png,0
0,MP22\Slabs\467.png,1
0,MP22\Slabs\468.png,1
0,MP22\Slabs\469.png,1
0,MP22\Slabs\470.png,1
0,MP22\Slabs\471.png,1
0,MP22\Slabs\472.png,0
0,MP22\Slabs\473.png,0
0,MP22\Slabs\474.png,1
0,MP22\Slabs\475.png,0
0,MP22\Slabs\476.png,1
0,MP22\Slabs\477.png,0
0,MP22\Slabs\478.png,1
0,MP22\Slabs\479.png,0
0,MP22\Slabs\480.png,0
0,MP22\Slabs\481.png,1
0,MP22\Slabs\482.png,0
0,MP22\Slabs\483.png,0
0,MP22\Slabs\484.png,0
0,MP22\Slabs\485.png,1
0,MP22\Slabs\486.png,1
0,MP22\Slabs\487.png,1
0,MP22\Slabs\488.png,0
0,MP22\Slabs\489.png,0
0,MP22\Slabs\490.png,1
0,MP22\Slabs\491.png,0
0,MP22\Slabs\492.png,0
0,MP22\Slabs\493.png,1
0,MP22\Slabs\494.png,0
0,MP22\Slabs\495.png,0
0,MP22\Slabs\496.png,1
0,MP22\Slabs\497.png,1
0,MP22\Slabs\498.png,0
0,MP22\Slabs\499.png,1
0,MP22\Slabs\500.png,1
0,MP22\Slabs\501.png,0
0,MP22\Slabs\502.png,0
0,MP22\Slabs\503.png,0
0,MP22\Slabs\504.png,1
0,MP22\Slabs\505.png,0
0,MP22\Slabs\506.png,1
0,MP22\Slabs\507.png,1
0,MP22\Slabs\508.png,1
0,MP22\Slabs\509.png,0
0,MP22\Slabs\510.png,0
0,MP22\Slabs\511.png,1
0,MP22\Slabs\512.png,0
0,MP22\Slabs\513.png,1
0,MP22\Slabs\514.png,0
0,MP22\Slabs\515.png,0
0,MP22\Slabs\516.png,1
0,MP22\Slabs\517.png,0
0,MP22\Slabs\518.png,0
0,MP22\Slabs\519.png,0
0,MP22\Slabs\520.png,0
0,MP22\Slabs\521.png,1
0,MP22\Slabs\522.png,0
0,MP22\Slabs\523.png,1
0,MP22\Slabs\524.png,0
0,MP22\Slabs\525.png,0
0,MP22\Slabs\526.png,1
0,MP22\Slabs\527.png,1
0,MP22\Slabs\528.png,0
0,MP22\Slabs\529.png,1
0,MP22\Slabs\530.png,0
0,MP22\Slabs\531.png,0
0,MP22\Slabs\532.png,0
0,MP22\Slabs\533.png,0
0,MP22\Slabs\534.png,0
0,MP22\Slabs\535.png,0
0,MP22\Slabs\536.png,0
0,MP22\Slabs\537.png,1
0,MP22\Slabs\538.png,0
0,MP22\Slabs\539.png,0
0,MP22\Slabs\540.png,0
0,MP22\Slabs\541.png,0
0,MP22\Slabs\542.png,0
0,MP22\Slabs\543.png,0
0,MP22\Slabs\544.png,0
0,MP22\Slabs\545.png,0
0,MP22\Slabs\546.png,0
0,MP22\Slabs\547.png,1
0,MP22\Slabs\548.png,0
0,MP22\Slabs\549.png,0
0,MP22\Slabs\550.png,0
0,MP22\Slabs\551.png,0
0,MP22\Slabs\552.png,0
0,MP22\Slabs\553.png,0
0,MP22\Slabs\554.png,0
0,MP22\Slabs\555.png,0
0,MP22\Slabs\556.png,0
0,MP22\Slabs\557.png,0
0,MP22\Slabs\558.png,0
0,MP22\Slabs\559.png,0
0,MP22\Slabs\560.png,0
0,MP22\Slabs\561.png,0
0,MP22\Slabs\562.png,0
0,MP22\Slabs\563.png,0
0,MP22\Slabs\564.png,0
0,MP22\Slabs\565.png,0
0,MP22\Slabs\566.png,0
0,MP22\Slabs\567.png,0
0,MP22\Slabs\568.png,0
0,MP22\Slabs\569.png,0
0,MP22\Slabs\570.png,0
0,MP22\Slabs\571.png,0
0,MP22\Slabs\572.png,0
0,MP22\Slabs\573.png,0
0,MP22\Slabs\574.png,0
0,MP22\Slabs\575.png,0
0,MP22\Slabs\576.png,0
0,MP22\Slabs\577.png,0
0,MP22\Slabs\578.png,1
0,MP22\Slabs\579.png,0
0,MP22\Slabs\580.png,0
0,MP22\Slabs\581.png,0
0,MP22\Slabs\582.png,0
0,MP22\Slabs\583.png,0
0,MP22\Slabs\584.png,0
0,MP22\Slabs\585.png,0
0,MP22\Slabs\586.png,0
0,MP22\Slabs\587.png,0
0,MP22\Slabs\588.png,0
0,MP22\Slabs\589.png,0
0,MP22\Slabs\590.png,0
0,MP22\Slabs\591.png,0
0,MP22\Slabs\592.png,0
0,MP22\Slabs\593.png,0
0,MP22\Slabs\594.png,0
0,MP22\Slabs\595.png,0
0,MP22\Slabs\596.png,0
0,MP22\Slabs\597.png,0
0,MP22\Slabs\598.png,0
0,MP22\Slabs\599.png,1
0,MP22\Slabs\600.png,1
0,MP22\Slabs\601.png,1
0,MP22\Slabs\602.png,1
0,MP22\Slabs\603.png,0
0,MP22\Slabs\604.png,0
0,MP22\Slabs\605.png,0
0,MP22\Slabs\606.png,0
0,MP22\Slabs\607.png,0
0,MP22\Slabs\608.png,0
0,MP22\Slabs\609.png,0
0,MP22-12_19\Slabs\1.png,1
0,MP22-12_19\Slabs\2.png,0
0,MP22-12_19\Slabs\3.png,1
0,MP22-12_19\Slabs\4.png,1
0,MP22-12_19\Slabs\5.png,0
0,MP22-12_19\Slabs\6.png,0
0,MP22-12_19\Slabs\7.png,0
0,MP22-12_19\Slabs\8.png,1
0,MP22-12_19\Slabs\9.png,0
0,MP22-12_19\Slabs\10.png,1
0,MP22-12_19\Slabs\11.png,0
0,MP22-12_19\Slabs\12.png,0
0,MP22-12_19\Slabs\13.png,0
0,MP22-12_19\Slabs\14.png,0
0,MP22-12_19\Slabs\15.png,0
0,MP22-12_19\Slabs\16.png,0
0,MP22-12_19\Slabs\17.png,1
0,MP22-12_19\Slabs\18.png,0
0,MP22-12_19\Slabs\19.png,0
0,MP22-12_19\Slabs\20.png,0
0,MP22-12_19\Slabs\21.png,0
0,MP22-12_19\Slabs\22.png,1
0,MP22-12_19\Slabs\23.png,0
0,MP22-12_19\Slabs\24.png,1
0,MP22-12_19\Slabs\25.png,0
0,MP22-12_19\Slabs\26.png,0
0,MP22-12_19\Slabs\27.png,1
0,MP22-12_19\Slabs\28.png,0
0,MP22-12_19\Slabs\29.png,0
0,MP22-12_19\Slabs\30.png,1
0,MP22-12_19\Slabs\31.png,0
0,MP22-12_19\Slabs\32.png,1
0,MP22-12_19\Slabs\33.png,0
0,MP22-12_19\Slabs\34.png,0
0,MP22-12_19\Slabs\35.png,1
0,MP22-12_19\Slabs\36.png,0
0,MP22-12_19\Slabs\37.png,0
0,MP22-12_19\Slabs\38.png,1
0,MP22-12_19\Slabs\39.png,0
0,MP22-12_19\Slabs\40.png,1
0,MP22-12_19\Slabs\41.png,0
0,MP22-12_19\Slabs\42.png,1
0,MP22-12_19\Slabs\43.png,1
0,MP22-12_19\Slabs\44.png,1
0,MP22-12_19\Slabs\45.png,1
0,MP22-12_19\Slabs\46.png,1
0,MP22-12_19\Slabs\48.png,0
0,MP22-12_19\Slabs\49.png,1
0,MP22-12_19\Slabs\50.png,1
0,MP22-12_19\Slabs\51.png,0
0,MP22-12_19\Slabs\52.png,0
0,MP22-12_19\Slabs\53.png,0
0,MP22-12_19\Slabs\54.png,1
0,MP22-12_19\Slabs\55.png,0
0,MP22-12_19\Slabs\56.png,1
0,MP22-12_19\Slabs\57.png,0
0,MP22-12_19\Slabs\58.png,1
0,MP22-12_19\Slabs\59.png,0
0,MP22-12_19\Slabs\60.png,0
0,MP22-12_19\Slabs\61.png,0
0,MP22-12_19\Slabs\62.png,0
0,MP22-12_19\Slabs\63.png,1
0,MP22-12_19\Slabs\64.png,0
0,MP22-12_19\Slabs\65.png,0
0,MP22-12_19\Slabs\66.png,1
0,MP22-12_19\Slabs\67.png,0
0,MP22-12_19\Slabs\68.png,0
0,MP22-12_19\Slabs\69.png,1
0,MP22-12_19\Slabs\70.png,1
0,MP22-12_19\Slabs\71.png,0
0,MP22-12_19\Slabs\72.png,1
0,MP22-12_19\Slabs\73.png,1
0,MP22-12_19\Slabs\74.png,0
0,MP22-12_19\Slabs\75.png,0
0,MP22-12_19\Slabs\76.png,0
0,MP22-12_19\Slabs\77.png,0
0,MP22-12_19\Slabs\78.png,0
0,MP22-12_19\Slabs\79.png,0
0,MP22-12_19\Slabs\80.png,1
0,MP22-12_19\Slabs\81.png,0
0,MP22-12_19\Slabs\82.png,0
0,MP22-12_19\Slabs\83.png,1
0,MP22-12_19\Slabs\84.png,0
0,MP22-12_19\Slabs\85.png,0
0,MP22-12_19\Slabs\86.png,0
0,MP22-12_19\Slabs\87.png,0
0,MP22-12_19\Slabs\88.png,0
0,MP22-12_19\Slabs\89.png,0
0,MP22-12_19\Slabs\90.png,0
0,MP22-12_19\Slabs\91.png,1
0,MP22-12_19\Slabs\92.png,0
0,MP22-12_19\Slabs\93.png,0
0,MP22-12_19\Slabs\94.png,0
0,MP22-12_19\Slabs\95.png,0
0,MP22-12_19\Slabs\96.png,1
0,MP22-12_19\Slabs\97.png,1
0,MP22-12_19\Slabs\98.png,0
0,MP22-12_19\Slabs\99.png,0
0,MP22-12_19\Slabs\100.png,0
0,MP22-12_19\Slabs\101.png,0
0,MP22-12_19\Slabs\102.png,0
0,MP22-12_19\Slabs\103.png,1
0,MP22-12_19\Slabs\104.png,1
0,MP22-12_19\Slabs\105.png,1
0,MP22-12_19\Slabs\106.png,1
0,MP22-12_19\Slabs\107.png,1
0,MP22-12_19\Slabs\108.png,1
0,MP22-12_19\Slabs\109.png,1
0,MP22-12_19\Slabs\110.png,1
0,MP22-12_19\Slabs\111.png,1
0,MP22-12_19\Slabs\112.png,1
0,MP22-12_19\Slabs\113.png,0
0,MP22-12_19\Slabs\114.png,0
0,MP22-12_19\Slabs\115.png,1
0,MP22-12_19\Slabs\116.png,1
0,MP22-12_19\Slabs\117.png,1
0,MP22-12_19\Slabs\118.png,1
0,MP22-12_19\Slabs\119.png,1
0,MP22-12_19\Slabs\120.png,1
0,MP22-12_19\Slabs\121.png,1
0,MP22-12_19\Slabs\122.png,1
0,MP22-12_19\Slabs\123.png,1
0,MP22-12_19\Slabs\124.png,1
0,MP22-12_19\Slabs\125.png,1
0,MP22-12_19\Slabs\126.png,1
0,MP22-12_19\Slabs\127.png,1
0,MP22-12_19\Slabs\128.png,0
0,MP22-12_19\Slabs\129.png,0
0,MP22-12_19\Slabs\130.png,1
0,MP22-12_19\Slabs\131.png,0
0,MP22-12_19\Slabs\132.png,0
0,MP22-12_19\Slabs\133.png,1
0,MP22-12_19\Slabs\134.png,1
0,MP22-12_19\Slabs\135.png,1
0,MP22-12_19\Slabs\136.png,1
0,MP22-12_19\Slabs\137.png,0
0,MP22-12_19\Slabs\138.png,0
0,MP22-12_19\Slabs\139.png,0
0,MP22-12_19\Slabs\140.png,0
0,MP22-12_19\Slabs\141.png,0
0,MP22-12_19\Slabs\142.png,0
0,MP22-12_19\Slabs\143.png,0
0,MP22-12_19\Slabs\144.png,0
0,MP22-12_19\Slabs\145.png,0
0,MP22-12_19\Slabs\146.png,1
0,MP22-12_19\Slabs\147.png,1
0,MP22-12_19\Slabs\148.png,1
0,MP22-12_19\Slabs\149.png,0
0,MP22-12_19\Slabs\150.png,0
0,MP22-12_19\Slabs\151.png,0
0,MP22-12_19\Slabs\152.png,0
0,MP22-12_19\Slabs\153.png,0
0,MP22-12_19\Slabs\154.png,0
0,MP22-12_19\Slabs\155.png,0
0,MP22-12_19\Slabs\156.png,0
0,MP22-12_19\Slabs\157.png,0
0,MP22-12_19\Slabs\158.png,1
0,MP22-12_19\Slabs\159.png,1
0,MP22-12_19\Slabs\160.png,1
0,MP22-12_19\Slabs\161.png,1
0,MP22-12_19\Slabs\162.png,1
0,MP22-12_19\Slabs\163.png,1
0,MP22-12_19\Slabs\164.png,1
0,MP22-12_19\Slabs\165.png,0
0,MP22-12_19\Slabs\166.png,1
0,MP22-12_19\Slabs\167.png,0
0,MP22-12_19\Slabs\168.png,0
0,MP22-12_19\Slabs\169.png,0
0,MP22-12_19\Slabs\170.png,1
0,MP22-12_19\Slabs\171.png,1
0,MP22-12_19\Slabs\172.png,0
0,MP22-12_19\Slabs\173.png,1
0,MP22-12_19\Slabs\174.png,0
0,MP22-12_19\Slabs\175.png,0
0,MP22-12_19\Slabs\176.png,0
0,MP22-12_19\Slabs\177.png,1
0,MP22-12_19\Slabs\178.png,1
0,MP22-12_19\Slabs\179.png,1
0,MP22-12_19\Slabs\180.png,1
0,MP22-12_19\Slabs\181.png,1
0,MP22-12_19\Slabs\182.png,1
0,MP22-12_19\Slabs\183.png,0
0,MP22-12_19\Slabs\184.png,0
0,MP22-12_19\Slabs\185.png,1
0,MP22-12_19\Slabs\186.png,1
0,MP22-12_19\Slabs\187.png,1
0,MP22-12_19\Slabs\188.png,1
0,MP22-12_19\Slabs\189.png,0
0,MP22-12_19\Slabs\190.png,0
0,MP22-12_19\Slabs\191.png,0
0,MP22-12_19\Slabs\192.png,0
0,MP22-12_19\Slabs\193.png,1
0,MP22-12_19\Slabs\194.png,1
0,MP22-12_19\Slabs\195.png,1
0,MP22-12_19\Slabs\196.png,1
0,MP22-12_19\Slabs\197.png,0
0,MP22-12_19\Slabs\198.png,1
0,MP22-12_19\Slabs\199.png,0
0,MP22-12_19\Slabs\200.png,0
0,MP22-12_19\Slabs\201.png,0
0,MP22-12_19\Slabs\202.png,0
0,MP22-12_19\Slabs\203.png,0
0,MP22-12_19\Slabs\204.png,1
0,MP22-12_19\Slabs\205.png,1
0,MP22-12_19\Slabs\206.png,1
0,MP22-12_19\Slabs\207.png,1
0,MP22-12_19\Slabs\208.png,1
0,MP22-12_19\Slabs\209.png,1
0,MP22-12_19\Slabs\210.png,1
0,MP22-12_19\Slabs\211.png,1
0,MP22-12_19\Slabs\212.png,1
0,MP22-12_19\Slabs\213.png,0
0,MP22-12_19\Slabs\214.png,0
0,MP22-12_19\Slabs\215.png,0
0,MP22-12_19\Slabs\216.png,0
0,MP22-12_19\Slabs\217.png,1
0,MP22-12_19\Slabs\218.png,0
0,MP22-12_19\Slabs\219.png,0
0,MP22-12_19\Slabs\220.png,0
0,MP22-12_19\Slabs\221.png,0
0,MP22-12_19\Slabs\222.png,1
0,MP22-12_19\Slabs\223.png,1
0,MP22-12_19\Slabs\224.png,0
0,MP22-12_19\Slabs\225.png,0
0,MP22-12_19\Slabs\226.png,0
0,MP22-12_19\Slabs\227.png,0
0,MP22-12_19\Slabs\228.png,1
0,MP22-12_19\Slabs\229.png,0
0,MP22-12_19\Slabs\230.png,1
0,MP22-12_19\Slabs\231.png,1
0,MP22-12_19\Slabs\232.png,1
0,MP22-12_19\Slabs\233.png,1
0,MP22-12_19\Slabs\234.png,1
0,MP22-12_19\Slabs\235.png,1
0,MP22-12_19\Slabs\236.png,1
0,MP22-12_19\Slabs\237.png,1
0,MP22-12_19\Slabs\238.png,1
0,MP22-12_19\Slabs\239.png,1
0,MP22-12_19\Slabs\240.png,0
0,MP22-12_19\Slabs\241.png,0
0,MP22-12_19\Slabs\242.png,0
0,MP22-12_19\Slabs\243.png,1
0,MP22-12_19\Slabs\244.png,1
0,MP22-12_19\Slabs\245.png,1
0,MP22-12_19\Slabs\246.png,1
